{
  "nodes": {
    "whisper-model#7": {
      "contentWidth": 450,
      "rfNode": {
        "position": {
          "x": 73.99781758676602,
          "y": 36.86225236108718
        }
      }
    },
    "whisper#3": {
      "contentWidth": 450,
      "rfNode": {
        "position": {
          "x": 594.2737042157031,
          "y": 36.86225236108718
        }
      }
    }
  }
}