{
  "nodes": {
    "whisper-model#7": {
      "contentWidth": 450,
      "rfNode": {
        "position": {
          "x": 73.99781758676602,
          "y": 36.86225236108718
        }
      }
    },
    "whisper#3": {
      "contentWidth": 450,
      "rfNode": {
        "position": {
          "x": 594.2737042157031,
          "y": 36.86225236108718
        }
      }
    },
    "whisper_segments_to_srt#1": {
      "contentWidth": 450,
      "rfNode": {
        "position": {
          "x": 1153.8506169650607,
          "y": 36.86225236108718
        }
      }
    },
    "encode-string#1": {
      "contentWidth": 450,
      "rfNode": {
        "position": {
          "x": 1660.5355758840622,
          "y": 36.86225236108718
        }
      }
    },
    "write-file#1": {
      "contentWidth": 450,
      "rfNode": {
        "position": {
          "x": 2184.236074468254,
          "y": 36.86225236108718
        }
      }
    },
    "markdown-preview#1": {
      "contentWidth": 627.8458678728286,
      "rfNode": {
        "position": {
          "x": 1660.5355758840622,
          "y": 381.8622523610872
        }
      }
    }
  }
}