{
  "nodes": {
    "whisper-model#7": {
      "contentWidth": 450,
      "rfNode": {
        "position": {
          "x": 73.99781758676602,
          "y": 36.86225236108718
        }
      }
    },
    "whisper#3": {
      "contentWidth": 450,
      "rfNode": {
        "position": {
          "x": 594.2737042157031,
          "y": 36.86225236108718
        }
      }
    },
    "whisper_segments_to_srt#1": {
      "contentWidth": 450,
      "rfNode": {
        "position": {
          "x": 1153.8506169650607,
          "y": 36.86225236108718
        }
      }
    },
    "encode-string#1": {
      "contentWidth": 350,
      "rfNode": {
        "position": {
          "x": 1660.5355758840622,
          "y": 36.86225236108718
        }
      }
    },
    "markdown_text_preview#1": {
      "contentWidth": 684.5952947711983,
      "rfNode": {
        "position": {
          "x": 1660.5355758840624,
          "y": 418.8622523610872
        }
      }
    },
    "binary_to_file#1": {
      "contentWidth": 350,
      "rfNode": {
        "position": {
          "x": 2202.3299792424045,
          "y": 36.86225236108718
        }
      }
    }
  }
}