{
  "nodes": {
    "whisper-srt-extractor#1": {
      "rfNode": {
        "position": {
          "x": 509.895903087816,
          "y": -76.81517601509927
        }
      },
      "sections": {
        "inputs": {
          "groupCollapsed": {
            "more": true
          }
        }
      }
    },
    "+value#1": {
      "contentWidth": 415,
      "rfNode": {
        "position": {
          "x": -43.60557921415918,
          "y": 43.73766855262445
        }
      }
    },
    "audio_preview#1": {
      "contentWidth": 450,
      "rfNode": {
        "position": {
          "x": 1107.0951950800445,
          "y": -179.0671701089251
        }
      }
    },
    "markdown_file_preview#1": {
      "contentWidth": 450,
      "rfNode": {
        "position": {
          "x": 1107.0951950800445,
          "y": 236.9328298910749
        }
      }
    }
  }
}